iteration,group_A,group_B,n_sig,pct_sig,median_abs_delta_r
1,"HP1601201T2D,HP1602301T2D,Sample108,Sample109,Sample110","HP1529801T2D,HP1605601T2D,HP1606401T2D,HP1711701T2D",10235,4.6498210034708976,0.2171297021309824
2,"HP1601201T2D,HP1605601T2D,Sample108,Sample109,Sample110","HP1529801T2D,HP1602301T2D,HP1606401T2D,HP1711701T2D",12189,5.537534754402224,0.21823267447962544
3,"HP1601201T2D,HP1606401T2D,Sample108,Sample109,Sample110","HP1529801T2D,HP1602301T2D,HP1605601T2D,HP1711701T2D",11257,5.114121644950844,0.21749911370676878
4,"HP1601201T2D,HP1711701T2D,Sample108,Sample109,Sample110","HP1529801T2D,HP1602301T2D,HP1605601T2D,HP1606401T2D",8716,3.9597303240109762,0.20608387737870645
5,"HP1529801T2D,HP1601201T2D,Sample108,Sample109,Sample110","HP1602301T2D,HP1605601T2D,HP1606401T2D,HP1711701T2D",10642,4.834723509422305,0.2195365144554036
6,"HP1602301T2D,HP1605601T2D,Sample108,Sample109,Sample110","HP1529801T2D,HP1601201T2D,HP1606401T2D,HP1711701T2D",10250,4.656635592142325,0.21389364392162738
7,"HP1602301T2D,HP1606401T2D,Sample108,Sample109,Sample110","HP1529801T2D,HP1601201T2D,HP1605601T2D,HP1711701T2D",11566,5.254502171582256,0.2214844117433056
8,"HP1602301T2D,HP1711701T2D,Sample108,Sample109,Sample110","HP1529801T2D,HP1601201T2D,HP1605601T2D,HP1606401T2D",8351,3.7939086663395662,0.20437261849064262
9,"HP1529801T2D,HP1602301T2D,Sample108,Sample109,Sample110","HP1601201T2D,HP1605601T2D,HP1606401T2D,HP1711701T2D",10836,4.922858856239437,0.21665891521714753
10,"HP1605601T2D,HP1606401T2D,Sample108,Sample109,Sample110","HP1529801T2D,HP1601201T2D,HP1602301T2D,HP1711701T2D",11639,5.287666503116538,0.21578984155142195
11,"HP1605601T2D,HP1711701T2D,Sample108,Sample109,Sample110","HP1529801T2D,HP1601201T2D,HP1602301T2D,HP1606401T2D",8858,4.0242417634338254,0.20414338084273537
12,"HP1529801T2D,HP1605601T2D,Sample108,Sample109,Sample110","HP1601201T2D,HP1602301T2D,HP1606401T2D,HP1711701T2D",10723,4.8715222882480145,0.2135922789555444
13,"HP1606401T2D,HP1711701T2D,Sample108,Sample109,Sample110","HP1529801T2D,HP1601201T2D,HP1602301T2D,HP1605601T2D",9317,4.2327681767795164,0.20216105279632962
14,"HP1529801T2D,HP1606401T2D,Sample108,Sample109,Sample110","HP1601201T2D,HP1602301T2D,HP1605601T2D,HP1711701T2D",11635,5.285849279470824,0.21384276656680762
15,"HP1529801T2D,HP1711701T2D,Sample108,Sample109,Sample110","HP1601201T2D,HP1602301T2D,HP1605601T2D,HP1606401T2D",10514,4.776572352759454,0.20765616489329097
16,"HP1601201T2D,HP1602301T2D,HP1605601T2D,Sample108,Sample110","HP1529801T2D,HP1606401T2D,HP1711701T2D,Sample109",6694,3.0411237711025096,0.19049783287455502
17,"HP1601201T2D,HP1602301T2D,HP1606401T2D,Sample108,Sample110","HP1529801T2D,HP1605601T2D,HP1711701T2D,Sample109",6636,3.0147740282396556,0.19274301099365887
18,"HP1601201T2D,HP1602301T2D,HP1711701T2D,Sample108,Sample110","HP1529801T2D,HP1605601T2D,HP1606401T2D,Sample109",6315,2.8689418306711008,0.19808778596725607
19,"HP1529801T2D,HP1601201T2D,HP1602301T2D,Sample108,Sample110","HP1605601T2D,HP1606401T2D,HP1711701T2D,Sample109",6530,2.9666176016282324,0.1934469487290288
20,"HP1601201T2D,HP1605601T2D,HP1606401T2D,Sample108,Sample110","HP1529801T2D,HP1602301T2D,HP1711701T2D,Sample109",8078,3.6698831525195805,0.18883271944608565
21,"HP1601201T2D,HP1605601T2D,HP1711701T2D,Sample108,Sample110","HP1529801T2D,HP1602301T2D,HP1606401T2D,Sample109",7495,3.4050228061567536,0.19480388838882706
22,"HP1529801T2D,HP1601201T2D,HP1605601T2D,Sample108,Sample110","HP1602301T2D,HP1606401T2D,HP1711701T2D,Sample109",8146,3.70077595449672,0.1924769756536448
23,"HP1601201T2D,HP1606401T2D,HP1711701T2D,Sample108,Sample110","HP1529801T2D,HP1602301T2D,HP1605601T2D,Sample109",6886,3.128350506096785,0.1919819171014583
24,"HP1529801T2D,HP1601201T2D,HP1606401T2D,Sample108,Sample110","HP1602301T2D,HP1605601T2D,HP1711701T2D,Sample109",7374,3.350051790873903,0.18932929918828423
25,"HP1529801T2D,HP1601201T2D,HP1711701T2D,Sample108,Sample110","HP1602301T2D,HP1605601T2D,HP1606401T2D,Sample109",9139,4.151901724545239,0.2060428499451445
26,"HP1602301T2D,HP1605601T2D,HP1606401T2D,Sample108,Sample110","HP1529801T2D,HP1601201T2D,HP1711701T2D,Sample109",7045,3.20058514601392,0.19218216294796603
27,"HP1602301T2D,HP1605601T2D,HP1711701T2D,Sample108,Sample110","HP1529801T2D,HP1601201T2D,HP1606401T2D,Sample109",6512,2.958440095222519,0.1948218480342134
28,"HP1529801T2D,HP1602301T2D,HP1605601T2D,Sample108,Sample110","HP1601201T2D,HP1606401T2D,HP1711701T2D,Sample109",7019,3.1887731923167784,0.19126513619124683
29,"HP1602301T2D,HP1606401T2D,HP1711701T2D,Sample108,Sample110","HP1529801T2D,HP1601201T2D,HP1605601T2D,Sample109",7332,3.330970942593905,0.20234921945657747
30,"HP1529801T2D,HP1602301T2D,HP1606401T2D,Sample108,Sample110","HP1601201T2D,HP1605601T2D,HP1711701T2D,Sample109",7519,3.4159261480310383,0.1945303279940661
31,"HP1529801T2D,HP1602301T2D,HP1711701T2D,Sample108,Sample110","HP1601201T2D,HP1605601T2D,HP1606401T2D,Sample109",8795,3.995620491013829,0.21314825979193808
32,"HP1605601T2D,HP1606401T2D,HP1711701T2D,Sample108,Sample110","HP1529801T2D,HP1601201T2D,HP1602301T2D,Sample109",6170,2.8030674735139653,0.19078571625666385
33,"HP1529801T2D,HP1605601T2D,HP1606401T2D,Sample108,Sample110","HP1601201T2D,HP1602301T2D,HP1711701T2D,Sample109",6542,2.9720692725653746,0.1901162483463455
34,"HP1529801T2D,HP1605601T2D,HP1711701T2D,Sample108,Sample110","HP1601201T2D,HP1602301T2D,HP1606401T2D,Sample109",7872,3.5762961347653057,0.2066453767600631
35,"HP1529801T2D,HP1606401T2D,HP1711701T2D,Sample108,Sample110","HP1601201T2D,HP1602301T2D,HP1605601T2D,Sample109",7228,3.283723127805339,0.20605709407549452
36,"HP1601201T2D,HP1602301T2D,HP1605601T2D,Sample109,Sample110","HP1529801T2D,HP1606401T2D,HP1711701T2D,Sample108",9753,4.43084555416235,0.21794463840195094
37,"HP1601201T2D,HP1602301T2D,HP1606401T2D,Sample109,Sample110","HP1529801T2D,HP1605601T2D,HP1711701T2D,Sample108",10704,4.862890475930873,0.22021625683645257
38,"HP1601201T2D,HP1602301T2D,HP1711701T2D,Sample109,Sample110","HP1529801T2D,HP1605601T2D,HP1606401T2D,Sample108",7494,3.404568500245325,0.20463805285150474
39,"HP1529801T2D,HP1601201T2D,HP1602301T2D,Sample109,Sample110","HP1605601T2D,HP1606401T2D,HP1711701T2D,Sample108",8159,3.706681931345291,0.2060085644513494
40,"HP1601201T2D,HP1605601T2D,HP1606401T2D,Sample109,Sample110","HP1529801T2D,HP1602301T2D,HP1711701T2D,Sample108",11348,5.155463482890839,0.21729198267548516
41,"HP1601201T2D,HP1605601T2D,HP1711701T2D,Sample109,Sample110","HP1529801T2D,HP1602301T2D,HP1606401T2D,Sample108",7783,3.535862908648167,0.20162255962332992
42,"HP1529801T2D,HP1601201T2D,HP1605601T2D,Sample109,Sample110","HP1602301T2D,HP1606401T2D,HP1711701T2D,Sample108",9042,4.107834051136673,0.207007999873268
43,"HP1601201T2D,HP1606401T2D,HP1711701T2D,Sample109,Sample110","HP1529801T2D,HP1602301T2D,HP1605601T2D,Sample108",7974,3.6226353377310145,0.19843865087260537
44,"HP1529801T2D,HP1601201T2D,HP1606401T2D,Sample109,Sample110","HP1602301T2D,HP1605601T2D,HP1711701T2D,Sample108",9163,4.162805066419525,0.2065043480678568
45,"HP1529801T2D,HP1601201T2D,HP1711701T2D,Sample109,Sample110","HP1602301T2D,HP1605601T2D,HP1606401T2D,Sample108",8783,3.9901688200766867,0.20573778604688242
46,"HP1602301T2D,HP1605601T2D,HP1606401T2D,Sample109,Sample110","HP1529801T2D,HP1601201T2D,HP1711701T2D,Sample108",11280,5.1245706809137,0.2193051966644422
47,"HP1602301T2D,HP1605601T2D,HP1711701T2D,Sample109,Sample110","HP1529801T2D,HP1601201T2D,HP1606401T2D,Sample108",7459,3.388667793345327,0.20430329177720102
48,"HP1529801T2D,HP1602301T2D,HP1605601T2D,Sample109,Sample110","HP1601201T2D,HP1606401T2D,HP1711701T2D,Sample108",8303,3.7721019825909976,0.20511188874056469
49,"HP1602301T2D,HP1606401T2D,HP1711701T2D,Sample109,Sample110","HP1529801T2D,HP1601201T2D,HP1605601T2D,Sample108",9379,4.260935143288084,0.20768943690292987
50,"HP1529801T2D,HP1602301T2D,HP1606401T2D,Sample109,Sample110","HP1601201T2D,HP1605601T2D,HP1711701T2D,Sample108",10117,4.596212905922332,0.21211751808505513
51,"HP1529801T2D,HP1602301T2D,HP1711701T2D,Sample109,Sample110","HP1601201T2D,HP1605601T2D,HP1606401T2D,Sample108",9312,4.230496647222374,0.20950264197243829
52,"HP1605601T2D,HP1606401T2D,HP1711701T2D,Sample109,Sample110","HP1529801T2D,HP1601201T2D,HP1602301T2D,Sample108",7082,3.2173944647367754,0.20074140585338898
53,"HP1529801T2D,HP1605601T2D,HP1606401T2D,Sample109,Sample110","HP1601201T2D,HP1602301T2D,HP1711701T2D,Sample108",8082,3.671700376165295,0.2021703310667653
54,"HP1529801T2D,HP1605601T2D,HP1711701T2D,Sample109,Sample110","HP1601201T2D,HP1602301T2D,HP1606401T2D,Sample108",7478,3.397299605662469,0.20590225665790984
55,"HP1529801T2D,HP1606401T2D,HP1711701T2D,Sample109,Sample110","HP1601201T2D,HP1602301T2D,HP1605601T2D,Sample108",7979,3.624906867288157,0.20402562791737588
56,"HP1601201T2D,HP1602301T2D,HP1605601T2D,HP1606401T2D,Sample110","HP1529801T2D,HP1711701T2D,Sample108,Sample109",8310,3.7752821239709973,0.19228137250248722
57,"HP1601201T2D,HP1602301T2D,HP1605601T2D,HP1711701T2D,Sample110","HP1529801T2D,HP1606401T2D,Sample108,Sample109",6949,3.156971778516782,0.1917208555936313
58,"HP1529801T2D,HP1601201T2D,HP1602301T2D,HP1605601T2D,Sample110","HP1606401T2D,HP1711701T2D,Sample108,Sample109",7995,3.6321757618710135,0.18934846222966148
59,"HP1601201T2D,HP1602301T2D,HP1606401T2D,HP1711701T2D,Sample110","HP1529801T2D,HP1605601T2D,Sample108,Sample109",7690,3.493612458885315,0.19456300882783656
60,"HP1529801T2D,HP1601201T2D,HP1602301T2D,HP1606401T2D,Sample110","HP1605601T2D,HP1711701T2D,Sample108,Sample109",8571,3.893855966853841,0.18998104474485206
61,"HP1529801T2D,HP1601201T2D,HP1602301T2D,HP1711701T2D,Sample110","HP1605601T2D,HP1606401T2D,Sample108,Sample109",9146,4.155081865925239,0.20340659873654104
62,"HP1601201T2D,HP1605601T2D,HP1606401T2D,HP1711701T2D,Sample110","HP1529801T2D,HP1602301T2D,Sample108,Sample109",7185,3.2641879736139128,0.18877121154024945
63,"HP1529801T2D,HP1601201T2D,HP1605601T2D,HP1606401T2D,Sample110","HP1602301T2D,HP1711701T2D,Sample108,Sample109",8025,3.645804939213869,0.1893937411184807
64,"HP1529801T2D,HP1601201T2D,HP1605601T2D,HP1711701T2D,Sample110","HP1602301T2D,HP1606401T2D,Sample108,Sample109",8528,3.8743208126624142,0.2007198174032949
65,"HP1529801T2D,HP1601201T2D,HP1606401T2D,HP1711701T2D,Sample110","HP1602301T2D,HP1605601T2D,Sample108,Sample109",7617,3.4604481273510332,0.19794029804544686
66,"HP1602301T2D,HP1605601T2D,HP1606401T2D,HP1711701T2D,Sample110","HP1529801T2D,HP1601201T2D,Sample108,Sample109",6989,3.175144014973923,0.19294529272889271
67,"HP1529801T2D,HP1602301T2D,HP1605601T2D,HP1606401T2D,Sample110","HP1601201T2D,HP1711701T2D,Sample108,Sample109",7680,3.48906939977103,0.19052557037525836
68,"HP1529801T2D,HP1602301T2D,HP1605601T2D,HP1711701T2D,Sample110","HP1601201T2D,HP1606401T2D,Sample108,Sample109",8340,3.7889113013138527,0.20049347774229473
69,"HP1529801T2D,HP1602301T2D,HP1606401T2D,HP1711701T2D,Sample110","HP1601201T2D,HP1605601T2D,Sample108,Sample109",9048,4.110559886605245,0.20433531941058108
70,"HP1529801T2D,HP1605601T2D,HP1606401T2D,HP1711701T2D,Sample110","HP1601201T2D,HP1602301T2D,Sample108,Sample109",8317,3.778462265350997,0.19563407168323427
